cell_id,t_max,h_mean,wind_max,precip_sum,elevation_m,ndvi,ndwi,risque_prob,niveau_vigilance,lon,lat
112861,30.9,54.0,19.7,0.4,472.0,0.30033898254179836,-0.005057709758711309,86.1,Alerte Rouge (Extrême),9.23971,35.08774
121334,26.1,55.0,19.5,0.4,1005.0,0.30020703856054076,-0.052075471599857606,78.1,Alerte Orange (Élevé),8.62496,35.17757
123731,29.3,62.0,13.5,0.3,701.0,0.3000590658592467,-0.051293103337730385,71.7,Vigilance Jaune (Modéré),8.70127,35.33107
123732,29.3,62.0,13.5,0.3,701.0,0.3000795959138243,-0.0024429967376974823,71.7,Vigilance Jaune (Modéré),8.71224,35.34012
128476,28.5,51.0,13.9,0.6,935.0,0.3001282592985715,-0.03872293339857289,77.1,Alerte Orange (Élevé),9.43037,35.87166
129686,32.5,57.0,15.5,0.8,369.0,0.3001345888287694,-0.08043788659299082,79.0,Alerte Orange (Élevé),9.12068,36.18793
133662,34.2,60.0,19.4,0.7,162.0,0.30020703856054076,-0.10620885944456705,87.9,Alerte Rouge (Extrême),9.55705,36.55632
134101,34.9,59.0,14.4,0.2,60.0,0.30028913610018765,-0.06393101388056643,86.8,Alerte Rouge (Extrême),9.71514,36.73577
142667,33.6,54.0,16.3,0.4,294.0,0.3000224057808147,-0.05242528163902453,86.7,Alerte Rouge (Extrême),9.31136,36.59328
142892,34.2,58.0,20.7,0.2,178.0,0.3001345888287694,-0.055718474982537514,96.7,Alerte Rouge (Extrême),9.15514,36.73782
142989,34.7,63.0,14.2,0.3,110.0,0.3001635124966982,-0.08166969133530821,84.9,Alerte Orange (Élevé),9.35666,36.71936
144731,33.7,55.0,10.2,0.6,167.0,0.30014713021052686,-0.11882998152097395,77.6,Alerte Orange (Élevé),9.42585,37.07971
162798,34.7,48.0,12.8,0.3,92.0,0.30005425881704784,-0.011007154635378158,89.7,Alerte Rouge (Extrême),10.08977,35.48882
171430,29.2,81.0,13.8,0.1,73.0,0.3002129162521578,-0.12470138537235008,79.5,Alerte Orange (Élevé),10.79871,36.61616
172840,33.4,72.0,11.5,0.0,10.0,0.3002426642394823,-0.021417898021886272,83.9,Alerte Orange (Élevé),10.52084,36.70116
172940,29.9,80.0,13.1,0.1,42.0,0.30026454927161195,-0.11818793424941033,79.6,Alerte Orange (Élevé),10.76703,36.69776
176054,32.9,55.0,11.8,0.7,297.0,0.3000902520304823,-0.05587416015750588,76.4,Alerte Orange (Élevé),9.8536,36.08578
176071,31.0,53.0,12.1,0.5,580.0,0.30015483233763585,-0.058616271526879773,79.2,Alerte Orange (Élevé),9.79816,36.09518
178368,31.6,53.0,12.5,0.7,469.0,0.300048472370217,-0.044701691817094054,81.0,Alerte Orange (Élevé),9.89978,36.2387
179677,31.6,73.0,14.8,0.0,48.0,0.3001235069985107,-0.05122427512209062,85.3,Alerte Rouge (Extrême),10.45098,36.55781
180464,33.6,61.0,11.8,0.3,134.0,0.30034207457162587,-0.08942829752566545,78.6,Alerte Orange (Élevé),10.19473,36.60572
180466,33.6,61.0,11.8,0.3,134.0,0.3003048772858108,-0.10414843321521366,78.1,Alerte Orange (Élevé),10.20591,36.60561
180753,34.5,63.0,10.6,0.3,38.0,0.3001277129625552,-0.06347746075557162,83.6,Alerte Orange (Élevé),10.30834,36.7127
181383,34.1,55.0,9.9,0.4,203.0,0.30030380859943023,-0.09040379256105315,79.6,Alerte Orange (Élevé),9.83726,36.63582
182000,35.2,62.0,9.8,0.6,26.0,0.3000229193215152,-0.04752308976066652,83.9,Alerte Orange (Élevé),9.9067,36.83363
188610,32.6,72.0,12.8,0.0,83.0,0.3002555359875308,-0.0998083442432429,83.4,Alerte Orange (Élevé),10.03393,37.12104
