cell_id,acq_date,latitude,longitude,frp,t_max,h_mean,wind_max,ndvi,ndwi,confidence,precip_sum,elevation_m
1503502050,2026-09-02,31.95378,11.14286,1.4,33.0,33.0,30.6,0.067,-0.095,n,0.0,251.0
1006348352,2026-09-02,31.95717,11.1437,1.4,33.0,33.0,30.6,0.071,-0.086,n,0.0,248.0
1263182010,2026-09-01,35.2335,8.17306,1.25,34.8,28.0,32.8,0.04,-0.11,n,0.0,1049.0
1207074421,2026-09-02,30.25261,8.08478,1.4,41.1,17.0,29.2,0.067,-0.136,n,0.0,219.0
2635681004,2026-09-02,30.25591,8.08546,1.4,41.1,17.0,29.2,0.051,-0.103,n,0.0,214.0
4047896815,2026-09-02,30.38886,7.90653,1.18,41.1,17.0,29.2,0.07,-0.175,n,0.0,207.0
3789392229,2026-09-02,30.66366,8.10468,1.66,41.1,17.0,29.2,0.074,-0.161,n,0.0,198.0
1704603474,2026-09-02,30.66427,8.10069,1.66,41.1,17.0,29.2,0.052,-0.081,n,0.0,198.0
301170722,2026-09-02,30.82417,8.02883,1.82,40.0,26.0,23.0,0.053,-0.109,n,0.0,191.0
1158805506,2026-09-02,30.82747,8.02952,1.82,40.0,26.0,23.0,0.059,-0.142,n,0.0,202.0
954430115,2026-09-02,31.00879,8.17209,2.41,40.0,26.0,23.0,0.063,-0.134,n,0.0,180.0
643493379,2026-09-02,31.01333,8.16477,1.3,40.0,26.0,23.0,0.063,-0.118,n,0.0,198.0
3802581818,2026-09-02,31.05355,8.03644,1.83,40.0,26.0,23.0,0.062,-0.132,n,0.0,184.0
1726049549,2026-09-02,31.05416,8.03242,4.18,40.0,26.0,23.0,0.062,-0.147,n,0.0,175.0
408967447,2026-09-02,31.05685,8.03713,1.83,40.0,26.0,23.0,0.06,-0.132,n,0.0,174.0
1020828959,2026-09-02,31.05747,8.03311,4.18,40.0,26.0,23.0,0.051,-0.142,n,0.0,171.0
3133114926,2026-09-02,31.05954,8.04183,0.75,40.0,26.0,23.0,0.062,-0.124,n,0.0,183.0
3646710300,2026-09-02,31.3024,8.02782,2.35,40.0,26.0,23.0,0.064,-0.151,n,0.0,173.0
3295443075,2026-09-02,31.39038,10.60483,0.82,38.4,25.0,32.4,0.074,-0.121,n,0.0,477.0
344111876,2026-09-02,33.36441,8.54716,2.76,41.0,31.0,48.2,0.045,-0.042,n,0.0,24.0
1516988364,2026-09-02,33.5286,9.68537,1.56,34.5,36.0,22.7,0.045,-0.066,n,0.0,189.0
899586371,2026-09-02,33.87311,9.99063,1.64,34.6,43.0,22.0,0.062,-0.13,n,0.0,67.0
4173545397,2026-09-02,34.90354,8.54012,0.75,33.4,30.0,28.1,0.06,-0.099,n,0.0,702.0
1737130079,2026-09-02,35.77555,9.88928,1.46,39.1,32.0,25.2,0.081,-0.171,n,0.0,84.0
3689339704,2026-09-01,30.38741,7.90744,3.61,40.6,18.0,31.0,0.044,-0.107,n,0.0,205.0
3561648964,2026-09-01,30.66323,8.10174,1.81,40.6,18.0,31.0,0.063,-0.135,n,0.0,199.0
1030826936,2026-09-01,30.82504,8.02808,3.95,42.0,16.0,27.0,0.061,-0.126,n,0.0,198.0
998402818,2026-09-01,31.00912,8.16974,6.4,42.0,16.0,27.0,0.046,-0.096,n,0.0,184.0
2241064467,2026-09-01,31.01377,8.16557,5.67,42.0,16.0,27.0,0.063,-0.116,n,0.0,200.0
3728676919,2026-09-01,31.05439,8.03288,8.41,42.0,16.0,27.0,0.063,-0.179,n,0.0,180.0
2767123492,2026-09-01,31.38775,10.60627,0.72,37.8,27.0,32.8,0.072,-0.133,n,0.0,480.0
1512719161,2026-09-01,31.69573,9.02107,1.2,42.0,16.0,27.0,0.068,-0.125,n,0.0,223.0
2763392541,2026-09-01,31.9543,11.14735,2.1,32.9,36.0,29.5,0.06,-0.103,n,0.0,249.0
1506944081,2026-09-02,36.46241,10.05394,1.74,37.5,31.0,17.3,0.09,-0.111,n,0.0,141.0
2982465644,2026-09-02,36.59118,10.3175,1.06,34.8,44.0,17.6,0.019,-0.165,n,0.0,120.0
2043263990,2026-09-02,36.67717,9.92245,1.3,34.7,44.0,17.6,0.053,-0.119,n,0.0,74.0
1567419241,2026-09-01,31.05321,8.03475,10.79,42.0,16.0,27.0,0.06,-0.131,n,0.0,183.0
760043521,2026-09-01,31.05412,8.03161,19.3,42.0,16.0,27.0,0.067,-0.147,l,0.0,176.0
2856606574,2026-09-01,31.05692,8.03416,10.79,42.0,16.0,27.0,0.063,-0.227,n,0.0,173.0
1032855552,2026-09-02,36.93268,9.62886,0.26,32.3,52.0,18.0,0.106,-0.091,n,0.0,222.0
3230478299,2026-09-02,31.70404,9.24543,0.82,40.0,26.0,23.0,0.059,-0.104,n,0.0,256.0
912664896,2026-09-03,35.47328,10.62305,1.4,31.8,56.0,27.4,0.095,-0.109,n,0.0,34.0
1427444606,2026-09-03,35.77582,9.89106,2.18,39.3,28.0,32.0,0.066,-0.183,n,0.0,87.0
318017844,2026-09-03,36.15892,10.28306,1.23,34.3,50.0,33.1,0.077,-0.141,n,0.0,108.0
2113322351,2026-09-03,36.46079,10.05556,0.97,35.8,34.0,33.1,0.113,-0.195,n,0.0,138.0
733506175,2026-09-03,36.46197,10.05505,1.39,35.8,34.0,33.1,0.088,-0.118,n,0.0,142.0
478675453,2026-09-03,36.64635,10.04839,1.95,33.5,46.0,22.0,0.117,-0.128,n,0.0,49.0
2855799980,2026-09-03,36.34507,9.23508,6.06,32.3,33.0,31.7,0.108,-0.137,n,0.0,413.0
1221097148,2026-09-03,36.74631,10.27991,7.77,33.6,46.0,22.0,0.085,-0.122,n,0.0,5.0
4254064716,2026-09-03,36.74963,10.27906,12.88,33.6,46.0,22.0,0.13,-0.126,n,0.0,7.0
141300,2026-09-01,36.75,8.45,42.0,33.0,69.0,11.2,0.334,0.057,h,0.0,108.0
141300,2026-09-01,36.75,8.45,42.0,33.0,69.0,11.2,0.334,0.057,h,0.0,108.0
130395,2026-09-01,36.08,9.64,75.0,34.6,48.0,14.7,0.032,-0.197,h,0.0,1011.0
179544,2026-09-01,36.53,10.27,15.0,36.6,59.0,9.7,0.271,0.002,n,0.0,292.0
677199844,2026-09-01,36.03488,9.67806,9.66,33.8,30.0,16.9,0.107,-0.179,n,0.0,566.0
1538086542,2026-09-01,36.03595,9.67261,5.98,33.8,30.0,16.9,0.161,-0.1,n,0.0,633.0
178632417,2026-09-01,36.03956,9.67374,5.98,33.8,30.0,16.9,0.169,-0.102,n,0.0,558.0
3947594145,2026-09-01,36.04376,9.65243,5.05,33.8,30.0,16.9,0.105,-0.283,n,0.0,574.0
581619668,2026-09-01,36.04787,9.63154,4.77,33.8,30.0,16.9,0.211,-0.124,n,0.0,581.0
3419277074,2026-09-01,36.04896,9.62599,4.77,33.8,30.0,16.9,0.204,-0.128,n,0.0,706.0
3319391510,2026-09-01,36.0493,9.68258,3.99,33.8,30.0,16.9,0.222,-0.088,n,0.0,510.0
3270548460,2026-09-01,36.05151,9.63245,3.21,33.8,30.0,16.9,0.181,-0.157,n,0.0,644.0
2106817680,2026-09-01,36.05186,9.68906,3.99,33.8,30.0,16.9,0.161,-0.108,n,0.0,479.0
434783186,2026-09-01,36.0526,9.62691,3.21,33.8,30.0,16.9,0.09,-0.227,n,0.0,692.0
1994584758,2026-09-01,36.05448,9.65624,2.96,33.8,30.0,16.9,0.17,-0.123,n,0.0,487.0
1054455831,2026-09-01,36.05547,9.69018,3.31,33.8,30.0,16.9,0.103,-0.102,n,0.0,460.0
3608586349,2026-09-01,36.05555,9.6508,2.96,33.8,30.0,16.9,0.2,-0.044,n,0.0,513.0
4113101417,2026-09-01,36.05651,9.68486,3.31,33.8,30.0,16.9,0.201,-0.078,n,0.0,469.0
1578735399,2026-09-01,36.05741,9.62185,20.61,33.8,30.0,16.9,0.08,-0.169,n,0.0,753.0
2055212687,2026-09-01,36.0581,9.65726,2.96,33.8,30.0,16.9,0.173,-0.054,n,0.0,486.0
3330807192,2026-09-01,36.05857,9.67436,6.35,33.8,30.0,16.9,0.182,-0.085,n,0.0,457.0
1974487397,2026-09-02,30.66348,8.1034,1.42,40.8,17.0,29.2,0.075,-0.189,l,0.0,199.0
2079391966,2026-09-02,30.82451,8.02915,1.46,39.9,26.0,23.0,0.051,-0.105,l,0.0,188.0
2953374724,2026-09-02,30.82781,8.02845,1.18,39.9,26.0,23.0,0.059,-0.126,l,0.0,203.0
2428691950,2026-09-02,31.05611,8.03444,21.65,39.9,26.0,23.0,0.078,-0.314,n,0.0,172.0
3156071334,2026-09-02,31.30294,8.0281,1.83,39.9,26.0,23.0,0.068,-0.162,n,0.0,174.0
2103396029,2026-09-02,31.95547,11.14521,3.48,33.0,33.0,30.6,0.044,-0.084,n,0.0,253.0
2986068433,2026-09-02,31.69574,9.20343,0.92,39.9,26.0,23.0,0.067,-0.128,l,0.0,231.0
2687219899,2026-09-02,33.52925,9.68413,0.86,34.5,36.0,22.3,0.059,-0.129,l,0.0,186.0
2482810226,2026-09-02,35.6487,9.51597,2.79,36.2,31.0,22.3,0.111,-0.126,l,0.0,447.0
4220150307,2026-09-02,36.56331,9.2217,3.09,38.2,32.0,24.5,0.319,0.006,l,0.0,459.0
3037578941,2026-09-02,36.56734,9.22565,33.36,38.2,32.0,24.5,0.29,-0.028,l,0.0,407.0
540751943,2026-09-02,36.7397,10.27207,2.83,35.2,44.0,18.7,0.105,-0.113,n,0.0,6.0
2514465128,2026-09-02,36.81411,9.45876,3.08,38.2,32.0,24.5,0.117,-0.08,l,0.0,384.0
3434324928,2026-09-02,36.81474,9.46348,3.08,38.2,32.0,24.5,0.101,-0.061,l,0.0,351.0
3746249744,2026-09-02,36.81756,9.4581,3.08,38.2,32.0,24.5,0.106,-0.074,n,0.0,350.0
470348114,2026-09-02,36.91955,9.63256,28.69,35.1,44.0,18.7,0.111,-0.11,n,0.0,216.0
535594778,2026-09-02,36.92301,9.63186,44.34,35.1,44.0,18.7,0.12,-0.134,n,0.0,216.0
2779718870,2026-09-01,36.05858,9.61591,20.61,33.8,30.0,16.9,0.278,-0.018,n,0.0,968.0
851133486,2026-09-01,36.05908,9.69127,3.31,33.8,30.0,16.9,0.16,-0.094,n,0.0,473.0
2990767792,2026-09-01,36.05919,9.65171,2.96,33.8,30.0,16.9,0.161,-0.101,n,0.0,599.0
2728780860,2026-09-01,36.06012,9.68599,3.31,33.8,30.0,16.9,0.247,-0.055,n,0.0,463.0
893785496,2026-09-01,36.06108,9.62259,8.95,33.8,30.0,16.9,0.052,-0.217,n,0.0,895.0
3982483403,2026-09-01,36.06114,9.68079,6.35,33.8,30.0,16.9,0.188,-0.106,n,0.0,437.0
64387300,2026-09-01,36.06223,9.61678,8.95,33.8,30.0,16.9,0.102,-0.133,n,0.0,1001.0
2204889788,2026-09-01,36.06733,9.68829,10.25,33.8,30.0,16.9,0.199,-0.067,n,0.0,438.0
3540419972,2026-09-01,36.46217,10.05229,1.21,37.3,35.0,15.1,0.115,-0.218,n,0.0,138.0
1009691360,2026-09-02,37.01159,9.82042,6.15,32.3,52.0,18.0,0.088,-0.066,l,0.0,79.0
368953775,2026-09-02,37.01221,9.82522,6.15,32.3,52.0,18.0,0.101,-0.102,l,0.0,83.0
3802722634,2026-09-02,37.18902,9.94379,5.22,32.3,52.0,18.0,0.072,-0.019,n,0.0,1.0
2605345617,2026-09-03,36.75295,10.27821,12.88,33.6,46.0,22.0,0.074,-0.094,n,0.0,3.0
2316837258,2026-09-03,36.82933,10.20591,1.86,33.5,46.0,22.0,0.049,-0.021,l,0.0,4.0
1724690229,2026-09-03,37.11048,9.58475,1.57,29.8,67.0,25.6,0.084,-0.06,n,0.0,5.0
1383623751,2026-09-04,30.25281,8.08477,0.77,36.2,23.0,30.2,0.056,-0.139,n,0.0,219.0
1619401767,2026-09-04,30.38835,7.90651,1.17,36.2,23.0,30.2,0.055,-0.157,n,0.0,207.0
1247246231,2026-09-04,30.66296,8.10351,1.17,36.2,23.0,30.2,0.065,-0.193,n,0.0,199.0
2162985023,2026-09-04,30.66325,8.09986,1.17,36.2,23.0,30.2,0.034,-0.086,n,0.0,199.0
2800907059,2026-09-04,30.82162,8.02811,0.58,35.3,32.0,30.2,0.051,-0.119,n,0.0,182.0
2932192364,2026-09-04,30.82684,8.02879,0.58,35.3,32.0,30.2,0.057,-0.151,n,0.0,203.0
3262260023,2026-09-04,30.98927,8.4305,0.73,35.3,32.0,30.2,0.056,-0.127,n,0.0,201.0
3360445215,2026-09-04,30.99437,8.43114,0.73,35.3,32.0,30.2,0.059,-0.131,n,0.0,213.0
900880546,2026-09-04,31.01048,8.17166,1.14,35.3,32.0,30.2,0.046,-0.169,n,0.0,183.0
850095288,2026-09-01,36.5899,10.3202,1.5,34.0,45.0,16.2,0.021,-0.139,n,0.0,126.0
218522466,2026-09-01,36.67654,9.92308,1.16,34.0,45.0,16.2,0.089,-0.113,n,0.0,79.0
442485732,2026-09-01,37.26903,9.77849,1.62,31.2,59.0,16.2,0.065,-0.143,n,0.0,60.0
2726774284,2026-09-01,33.36415,8.54771,1.8,43.3,28.0,22.0,0.042,-0.047,n,0.0,23.0
1657394928,2026-09-01,36.75455,10.29043,7.48,34.0,45.0,16.2,0.116,-0.083,n,0.0,3.0
900756163,2026-09-01,36.75634,10.29136,7.4,34.0,45.0,16.2,0.084,-0.086,n,0.0,3.0
666514519,2026-09-01,36.75667,9.46592,11.43,37.3,36.0,21.6,0.112,-0.113,n,0.0,281.0
146850498,2026-09-01,36.75869,9.4657,13.44,37.3,36.0,21.6,0.13,-0.131,n,0.0,290.0
4008864418,2026-09-01,33.52559,9.6892,3.16,37.5,40.0,27.0,0.057,-0.086,n,0.0,190.0
1820440613,2026-09-01,33.52931,9.6841,1.91,37.5,40.0,27.0,0.059,-0.129,n,0.0,186.0
775801449,2026-09-01,35.82599,8.85927,4.38,34.0,31.0,21.2,0.087,-0.156,n,0.0,901.0
3413482670,2026-09-01,36.04856,9.68416,1.12,33.8,30.0,16.9,0.156,-0.124,l,0.0,512.0
1376554220,2026-09-01,36.05277,9.61577,60.05,33.8,30.0,16.9,0.256,0.003,l,0.0,922.0
154193714,2026-09-01,36.05332,9.62185,60.05,33.8,30.0,16.9,0.354,0.014,h,0.0,822.0
689068411,2026-09-01,36.05386,9.62773,33.05,33.8,30.0,16.9,0.08,-0.201,n,0.0,653.0
850397769,2026-09-01,36.05698,9.61417,60.05,33.8,30.0,16.9,0.162,-0.13,n,0.0,1018.0
477790064,2026-09-01,36.05753,9.6202,60.05,33.8,30.0,16.9,0.118,-0.12,h,0.0,830.0
4292704497,2026-09-01,36.05806,9.62601,33.05,33.8,30.0,16.9,0.067,-0.215,n,0.0,685.0
3654443822,2026-09-01,36.05864,9.68014,11.32,33.8,30.0,16.9,0.243,-0.05,n,0.0,456.0
1021292618,2026-09-01,36.56946,9.22412,18.44,37.3,36.0,21.6,0.272,-0.041,n,0.0,477.0
3702354890,2026-09-01,36.70989,9.08597,8.01,37.3,36.0,21.6,0.151,-0.25,n,0.0,302.0
704547673,2026-09-01,36.71034,9.09054,8.01,37.3,36.0,21.6,0.142,-0.088,n,0.0,376.0
1000280104,2026-09-01,36.71456,9.09009,8.01,37.3,36.0,21.6,0.116,-0.113,n,0.0,357.0
1736732125,2026-09-01,36.71502,9.09473,7.04,37.3,36.0,21.6,0.125,-0.067,n,0.0,363.0
1722309468,2026-09-01,36.73824,9.20059,3.12,37.3,36.0,21.6,0.08,-0.085,l,0.0,187.0
1125343666,2026-09-01,36.81392,9.56495,6.22,37.3,36.0,21.6,0.108,-0.104,n,0.0,176.0
1334051946,2026-09-01,36.82457,9.53779,7.57,37.3,36.0,21.6,0.094,-0.18,n,0.0,163.0
2444217336,2026-09-01,36.82504,9.54291,9.1,37.3,36.0,21.6,0.136,-0.12,n,0.0,160.0
2008910800,2026-09-01,36.95059,10.05828,3.34,33.9,45.0,16.2,0.107,-0.076,n,0.0,8.0
3911894037,2026-09-01,37.10147,9.75686,3.1,31.2,59.0,16.2,0.095,-0.144,l,0.0,110.0
2526844244,2026-09-01,37.10635,9.76165,7.97,31.2,59.0,16.2,0.109,-0.096,n,0.0,71.0
2954521602,2026-09-03,30.25348,8.08587,1.34,38.0,19.0,24.5,0.065,-0.162,n,0.0,221.0
274154904,2026-09-03,30.38926,7.90781,1.45,38.0,19.0,24.5,0.072,-0.156,n,0.0,220.0
2131730007,2026-09-03,30.39012,7.90689,2.24,38.0,19.0,24.5,0.078,-0.166,n,0.0,219.0
2069436352,2026-09-03,30.66443,8.10424,2.14,38.0,19.0,24.5,0.076,-0.17,n,0.0,199.0
1647550959,2026-09-03,30.82788,8.02771,1.22,39.1,24.0,31.0,0.059,-0.119,n,0.0,204.0
3032279664,2026-09-03,30.99196,8.42525,3.73,39.1,24.0,31.0,0.061,-0.124,n,0.0,217.0
3399924764,2026-09-03,31.00929,8.1743,1.75,39.1,24.0,31.0,0.06,-0.113,n,0.0,188.0
3401781509,2026-09-03,31.00976,8.16951,1.51,39.1,24.0,31.0,0.043,-0.08,n,0.0,184.0
1015742327,2026-09-03,31.01432,8.16447,1.51,39.1,24.0,31.0,0.064,-0.13,n,0.0,195.0
707605717,2026-09-03,31.05313,8.03522,2.2,39.1,24.0,31.0,0.06,-0.13,n,0.0,186.0
2534706375,2026-09-03,31.05707,8.03582,5.54,39.1,24.0,31.0,0.059,-0.165,n,0.0,171.0
2929705712,2026-09-03,31.17619,8.10268,1.67,39.1,24.0,31.0,0.057,-0.111,n,0.0,192.0
3161920076,2026-09-03,31.18012,8.10327,3.85,39.1,24.0,31.0,0.061,-0.117,n,0.0,183.0
1339386023,2026-09-03,31.30015,8.02894,1.46,39.1,24.0,31.0,0.056,-0.107,n,0.0,187.0
311381368,2026-09-03,31.95448,11.1441,3.21,32.6,33.0,23.4,0.048,-0.081,n,0.0,249.0
1479488978,2026-09-03,35.23223,8.17394,1.29,33.0,32.0,29.9,0.031,-0.143,n,0.0,1046.0
812481417,2026-09-04,31.01654,8.16161,0.6,35.3,32.0,30.2,0.056,-0.127,n,0.0,197.0
3733421360,2026-09-04,31.0533,8.03383,1.55,35.3,32.0,30.2,0.061,-0.139,n,0.0,181.0
2962980071,2026-09-04,31.05335,8.03293,3.05,35.3,32.0,30.2,0.062,-0.138,n,0.0,181.0
3298203699,2026-09-04,31.05358,8.03012,1.55,35.3,32.0,30.2,0.075,-0.13,n,0.0,176.0
3338306178,2026-09-04,31.05827,8.03805,1.11,35.3,32.0,30.2,0.059,-0.117,n,0.0,174.0
1388656485,2026-09-04,31.05855,8.03437,1.55,35.3,32.0,30.2,0.047,-0.12,n,0.0,171.0
1787007284,2026-09-04,31.0586,8.03347,3.05,35.3,32.0,30.2,0.049,-0.133,n,0.0,171.0
3123360233,2026-09-04,31.05882,8.0307,1.55,35.3,32.0,30.2,0.052,-0.099,n,0.0,170.0
2437157829,2026-09-04,31.3871,10.606,1.14,32.8,30.0,29.5,0.06,-0.127,n,0.0,481.0
2331098080,2026-09-04,31.95543,11.14583,2.57,29.4,47.0,29.9,0.031,-0.08,n,0.0,253.0
3046014271,2026-09-04,31.95598,11.1447,1.98,29.4,47.0,29.9,0.031,-0.065,n,0.0,250.0
1125327732,2026-09-04,30.2568,8.08651,1.47,36.2,23.0,30.2,0.031,-0.08,n,0.0,218.0
1411803279,2026-09-04,30.38985,7.90678,0.96,36.2,23.0,30.2,0.068,-0.171,n,0.0,216.0
2555048266,2026-09-04,30.39118,7.90636,0.81,36.2,23.0,30.2,0.086,-0.11,n,0.0,213.0
2035635115,2026-09-04,30.66488,8.10413,2.65,36.2,23.0,30.2,0.062,-0.158,n,0.0,200.0
3904981660,2026-09-04,31.01643,8.16534,1.3,35.3,32.0,30.2,0.057,-0.129,n,0.0,189.0
3898851875,2026-09-04,31.05314,8.03638,4.56,35.3,32.0,30.2,0.061,-0.128,n,0.0,184.0
1216388213,2026-09-04,31.05503,8.02972,4.56,35.3,32.0,30.2,0.056,-0.133,n,0.0,177.0
3290471886,2026-09-04,31.0556,8.03586,6.33,35.3,32.0,30.2,0.068,-0.226,n,0.0,179.0
3354730402,2026-09-04,31.05755,8.02914,4.94,35.3,32.0,30.2,0.054,-0.109,n,0.0,172.0
624451292,2026-09-04,35.77665,9.89198,1.26,35.7,38.0,31.3,0.047,-0.127,n,0.0,83.0
582635836,2026-09-04,36.25321,9.12254,0.31,33.7,50.0,20.5,0.13,-0.142,n,0.0,412.0
1025841795,2026-09-04,36.75934,9.32976,1.33,31.6,53.0,19.1,0.125,-0.038,n,0.0,286.0
2927061885,2026-09-04,36.75962,9.32594,1.28,31.6,53.0,19.1,0.127,-0.098,n,0.0,284.0
4039584062,2026-09-04,36.76066,9.32775,1.85,31.6,53.0,19.1,0.12,-0.028,n,0.0,289.0
3977279046,2026-09-04,33.36536,8.54967,0.73,36.6,40.0,31.3,0.052,-0.061,n,0.0,23.0
3452982859,2026-09-04,33.36233,8.55004,1.36,36.6,40.0,31.3,0.041,-0.048,n,0.0,25.0
3825555000,2026-09-04,30.25108,8.08474,3.29,36.2,23.0,30.2,0.064,-0.132,n,0.0,222.0
515988005,2026-09-04,30.25136,8.08738,3.61,36.2,23.0,30.2,0.049,-0.097,n,0.0,221.0
2620966552,2026-09-04,30.25193,8.08827,3.01,36.2,23.0,30.2,0.044,-0.081,l,0.0,220.0
1770212782,2026-09-04,30.25701,8.08665,3.01,36.2,23.0,30.2,0.03,-0.081,n,0.0,218.0
3867059929,2026-09-04,30.32354,7.74451,2.11,36.2,23.0,30.2,0.065,-0.134,n,0.0,233.0
3963902661,2026-09-04,30.66264,8.1034,0.41,36.2,23.0,30.2,0.064,-0.172,n,0.0,199.0
3221443383,2026-09-04,30.99051,8.43123,2.17,35.7,33.0,30.6,0.057,-0.127,n,0.0,195.0
3380028252,2026-09-04,30.99169,8.43227,1.46,35.7,33.0,30.6,0.06,-0.134,n,0.0,197.0
782338195,2026-09-04,31.00913,8.17346,1.44,35.7,33.0,30.6,0.055,-0.149,n,0.0,188.0
616852080,2026-09-04,31.054,8.0324,7.48,35.7,33.0,30.6,0.062,-0.145,n,0.0,178.0
2983635753,2026-09-04,31.05482,8.03585,7.48,35.7,33.0,30.6,0.067,-0.2,l,0.0,177.0
3404924916,2026-09-04,31.1762,8.10671,2.37,35.7,33.0,30.6,0.058,-0.123,n,0.0,196.0
4149761817,2026-09-04,36.63352,10.52226,4.42,31.2,59.0,22.0,0.191,-0.074,n,0.0,26.0
4088446836,2026-09-04,36.63487,10.5223,6.02,31.2,59.0,22.0,0.235,-0.032,n,0.0,25.0
458481967,2026-09-04,36.70415,9.19508,6.64,31.8,54.0,20.2,0.087,-0.101,n,0.0,209.0
3617636532,2026-09-04,36.71347,9.23728,1.9,31.8,54.0,20.2,0.12,-0.088,l,0.0,151.0
450540353,2026-09-04,36.76935,9.22949,18.18,31.8,54.0,20.2,0.114,-0.065,n,0.0,239.0
2636270567,2026-09-05,30.82847,8.02762,0.94,35.0,45.0,36.0,0.062,-0.127,n,0.0,200.0
3838099473,2026-09-05,30.9901,8.42595,0.83,35.0,45.0,36.0,0.061,-0.126,n,0.0,210.0
2877142301,2026-09-05,31.05597,8.03555,3.62,35.0,45.0,36.0,0.069,-0.226,n,0.0,172.0
645059884,2026-09-05,31.05599,8.03102,6.88,35.0,45.0,36.0,0.056,-0.147,n,0.0,175.0
2140194728,2026-09-05,31.05626,8.02838,3.62,35.0,45.0,36.0,0.054,-0.127,n,0.0,176.0
1877406176,2026-09-05,31.95792,11.14439,1.85,30.3,53.0,37.8,0.055,-0.08,n,0.0,248.0
2037006814,2026-09-05,30.25287,8.0846,1.81,35.7,33.0,29.2,0.059,-0.145,n,0.0,219.0
403144727,2026-09-05,31.95382,11.14511,0.85,30.3,53.0,37.8,0.052,-0.105,n,0.0,250.0
1762559483,2026-09-05,30.38711,7.90331,1.35,35.7,33.0,29.2,0.05,-0.11,n,0.0,205.0
3170386676,2026-09-05,30.61028,8.2602,0.94,35.7,33.0,29.2,0.064,-0.14,n,0.0,215.0
286711499,2026-09-05,30.61263,8.2638,1.2,35.7,33.0,29.2,0.033,-0.133,n,0.0,197.0
2311302349,2026-09-05,30.6136,8.25993,1.28,35.7,33.0,29.2,0.043,-0.116,n,0.0,203.0
3573530254,2026-09-05,30.66351,8.10463,0.86,35.7,33.0,29.2,0.068,-0.178,n,0.0,198.0
2296843084,2026-09-05,30.66443,8.10092,0.86,35.7,33.0,29.2,0.048,-0.103,n,0.0,198.0
2849027842,2026-09-05,30.82575,8.0286,1.8,35.0,45.0,36.0,0.061,-0.134,n,0.0,195.0
3255232511,2026-09-05,30.99385,8.42597,1.78,35.0,45.0,36.0,0.062,-0.125,n,0.0,241.0
1179728732,2026-09-05,31.01361,8.16249,1.14,35.0,45.0,36.0,0.062,-0.15,n,0.0,201.0
1424363823,2026-09-05,31.05539,8.03731,2.76,35.0,45.0,36.0,0.062,-0.139,n,0.0,177.0
78587374,2026-09-05,31.05627,8.03367,6.78,35.0,45.0,36.0,0.073,-0.251,h,0.0,172.0
1591101476,2026-09-05,31.17735,8.10462,1.15,35.0,45.0,36.0,0.064,-0.142,n,0.0,187.0
2189841684,2026-09-05,31.95426,11.14164,0.99,30.3,53.0,37.8,0.055,-0.102,n,0.0,250.0
740721622,2026-09-05,30.20552,7.6173,2.14,35.7,33.0,29.2,0.065,-0.132,n,0.0,221.0
1807963102,2026-09-05,30.20588,7.61879,2.41,35.7,33.0,29.2,0.067,-0.143,n,0.0,213.0
796995550,2026-09-05,30.24873,8.07809,21.61,35.7,33.0,29.2,0.069,-0.14,n,0.0,218.0
2394717172,2026-09-05,30.25059,8.08463,48.6,35.7,33.0,29.2,0.066,-0.134,l,0.0,227.0
1556262997,2026-09-05,30.25529,8.07597,21.61,35.7,33.0,29.2,0.067,-0.134,n,0.0,255.0
1481431438,2026-09-05,30.2571,8.08239,48.6,35.7,33.0,29.2,0.053,-0.121,l,0.0,250.0
146948173,2026-09-05,30.98954,8.42503,6.55,35.0,45.0,36.0,0.062,-0.131,n,0.0,205.0
3789059080,2026-09-05,30.98973,8.42733,4.41,35.0,45.0,36.0,0.059,-0.124,n,0.0,210.0
3718789776,2026-09-05,31.01147,8.16086,8.8,35.0,45.0,36.0,0.063,-0.144,n,0.0,199.0
1563456468,2026-09-05,31.36707,8.01804,4.4,35.0,45.0,36.0,0.058,-0.113,n,0.0,185.0
533018643,2026-09-05,30.66273,8.10406,1.03,35.7,33.0,29.2,0.066,-0.167,n,0.0,199.0
1597989723,2026-09-05,30.82706,8.02916,1.08,35.0,45.0,36.0,0.06,-0.143,n,0.0,200.0
2476364740,2026-09-05,31.01521,8.16193,8.15,35.0,45.0,36.0,0.06,-0.14,l,0.0,194.0
2948756670,2026-09-05,31.01551,8.16597,10.17,35.0,45.0,36.0,0.057,-0.123,n,0.0,187.0
2295362171,2026-09-05,31.05427,8.03179,3.85,35.0,45.0,36.0,0.055,-0.156,n,0.0,175.0
887334026,2026-09-05,31.05457,8.03569,8.03,35.0,45.0,36.0,0.068,-0.194,l,0.0,177.0
1314714427,2026-09-05,33.36731,8.54802,0.69,36.5,49.0,30.2,0.063,-0.008,n,0.0,23.0
2113553485,2026-09-05,33.87249,9.99199,2.65,31.5,58.0,23.0,0.03,-0.129,n,0.0,68.0
1516806053,2026-09-05,36.50121,10.02659,0.44,33.8,50.0,20.2,0.043,-0.159,n,0.0,140.0
623783860,2026-09-05,36.67839,9.92053,0.77,32.5,58.0,20.2,0.059,-0.102,n,0.0,72.0
3215124398,2026-09-05,36.16088,9.19323,1.69,30.2,44.0,13.7,0.117,-0.163,n,0.0,517.0
2087164203,2026-09-05,36.34322,9.23855,4.0,30.2,44.0,13.7,0.099,-0.171,l,0.0,430.0
1993198063,2026-09-05,36.72932,9.23629,5.96,34.1,46.0,18.7,0.107,-0.076,n,0.0,157.0
3179976455,2026-09-05,36.78976,9.40146,6.68,34.1,46.0,18.7,0.111,-0.107,n,0.0,272.0
1944332883,2026-09-05,36.79076,9.4053,6.68,34.1,46.0,18.7,0.112,-0.073,h,0.0,253.0
3207414154,2026-09-05,36.79177,9.40922,8.21,34.1,46.0,18.7,0.107,-0.09,n,0.0,259.0
2834715849,2026-09-05,36.79356,9.40415,4.4,34.1,46.0,18.7,0.102,-0.092,l,0.0,264.0
2830995616,2026-09-05,36.80883,9.3101,3.16,34.1,46.0,18.7,0.112,-0.021,n,0.0,403.0
2586861330,2026-09-05,36.80983,9.31386,6.22,34.1,46.0,18.7,0.127,-0.038,n,0.0,385.0
2014341179,2026-09-05,36.83905,9.48941,3.78,34.1,46.0,18.7,0.112,-0.06,n,0.0,257.0
1076803095,2026-09-05,36.89576,9.4008,4.15,34.1,46.0,18.7,0.17,-0.041,n,0.0,320.0
2372948551,2026-09-05,36.89679,9.40474,6.01,34.1,46.0,18.7,0.184,-0.106,n,0.0,329.0
1355690626,2026-09-05,36.90005,9.3953,4.15,34.1,46.0,18.7,0.116,-0.056,n,0.0,385.0
3123610955,2026-09-05,35.16886,9.34402,1.82,31.4,46.0,19.4,0.221,-0.021,l,0.0,360.0
2595229043,2026-09-05,36.29641,9.19193,3.99,30.2,44.0,13.7,0.1,-0.139,n,0.0,437.0
2808377474,2026-09-05,36.30423,8.84794,1.7,35.5,44.0,15.8,0.109,-0.102,l,0.0,539.0
1031860898,2026-09-05,36.39418,9.17533,3.09,30.2,44.0,13.7,0.127,-0.083,n,0.0,564.0
2187959431,2026-09-05,36.74881,9.30885,3.49,34.1,46.0,18.7,0.13,-0.101,n,0.0,233.0
179557402,2026-09-05,36.80746,9.38069,6.34,34.1,46.0,18.7,0.107,-0.079,h,0.0,307.0
4155494868,2026-09-05,36.80768,9.38614,6.34,34.1,46.0,18.7,0.105,-0.124,n,0.0,337.0
107109961,2026-09-05,36.84647,9.29242,3.43,34.1,46.0,18.7,0.125,-0.037,n,0.0,371.0
