annee,gov_latin,gouvernorat,nombre,superficie_ha
2002,Tunis,تونس,5,0.28
2002,Ariana,أريانة,7,0.5493
2002,Ben Arous,بن عروس,1,1000.0
2002,Manouba,منوبة,3,1.51
2002,Nabeul,نابل,25,12.92
2002,Zaghouan,زغوان,1,2.43
2002,Bizerte,بنزرات,1,1.25
2002,Beja,باجة,6,3.52
2002,Jendouba,جندوبة,33,33.72
2002,Kef,الكاف,5,1.32
2002,Siliana,سليانة,11,3.455
2002,Kasserine,القصرين,12,6.16
2002,Sidi Bouzid,سيدي بوزيد,0,0.0
2002,Kairouan,القيروان,1,2.5
2002,Gafsa,قفصة,1,0.15
2002,Sousse,سوسة,0,0.0
2002,Sfax,صفاقس,0,0.0
2002,Mahdia,المهدية,0,0.0
2002,Monastir,المنستير,0,0.0
2002,Gabes,قابس,1,2.0
2002,Tozeur,توزر,0,0.0
2002,Tataouine,تطاوين,0,0.0
2002,Medenine,مدنين,0,0.0
2002,Kebili,قبلي,0,0.0
2003,Tunis,تونس,11,8.887
2003,Ariana,أريانة,15,2.523
2003,Ben Arous,بن عروس,30,11.471
2003,Manouba,منوبة,5,15.251
2003,Nabeul,نابل,17,130.513
2003,Zaghouan,زغوان,20,30.39
2003,Bizerte,بنزرات,5,55.11
2003,Beja,باجة,7,19.752
2003,Jendouba,جندوبة,52,75.868
2003,Kef,الكاف,3,0.35
2003,Siliana,سليانة,16,9.81
2003,Kasserine,القصرين,10,1.46
2003,Sidi Bouzid,سيدي بوزيد,0,0.0
2003,Kairouan,القيروان,3,0.41
2003,Gafsa,قفصة,3,0.57
2003,Sousse,سوسة,1,3.0
2003,Sfax,صفاقس,0,0.0
2003,Mahdia,المهدية,0,0.0
2003,Monastir,المنستير,0,0.0
2003,Gabes,قابس,0,0.0
2003,Tozeur,توزر,0,0.0
2003,Tataouine,تطاوين,0,0.0
2003,Medenine,مدنين,0,0.0
2003,Kebili,قبلي,0,0.0
2004,Tunis,تونس,2,1.015
2004,Ariana,أريانة,3,8.893
2004,Ben Arous,بن عروس,16,2.96
2004,Manouba,منوبة,2,1.02
2004,Nabeul,نابل,15,8.871
2004,Zaghouan,زغوان,20,16.389
2004,Bizerte,بنزرات,4,3.5
2004,Beja,باجة,9,8.823
2004,Jendouba,جندوبة,39,12.289
2004,Kef,الكاف,7,15.65
2004,Siliana,سليانة,26,29.534
2004,Kasserine,القصرين,0,0.0
2004,Sidi Bouzid,سيدي بوزيد,1,3.0
2004,Kairouan,القيروان,1,0.48
2004,Gafsa,قفصة,3,1.685
2004,Sousse,سوسة,2,1.0
2004,Sfax,صفاقس,0,0.0
2004,Mahdia,المهدية,1,5.0
2004,Monastir,المنستير,0,0.0
2004,Gabes,قابس,0,0.0
2004,Tozeur,توزر,0,0.0
2004,Tataouine,تطاوين,0,0.0
2004,Medenine,مدنين,0,0.0
2004,Kebili,قبلي,0,0.0
2005,Tunis,تونس,11,4.44
2005,Ariana,أريانة,52,26.347
2005,Ben Arous,بن عروس,59,32.347
2005,Manouba,منوبة,9,29.57
2005,Nabeul,نابل,54,102.018
2005,Zaghouan,زغوان,40,161.413
2005,Bizerte,بنزرات,2,1.255
2005,Beja,باجة,12,35.315
2005,Jendouba,جندوبة,63,70.356
2005,Kef,الكاف,0,0.0
2005,Siliana,سليانة,98,671.046
2005,Kasserine,القصرين,12,1.79
2005,Sidi Bouzid,سيدي بوزيد,0,0.0
2005,Kairouan,القيروان,4,16.0
2005,Gafsa,قفصة,0,0.0
2005,Sousse,سوسة,0,0.0
2005,Sfax,صفاقس,0,0.0
2005,Mahdia,المهدية,1,15.0
2005,Monastir,المنستير,0,0.0
2005,Gabes,قابس,0,0.0
2005,Tozeur,توزر,0,0.0
2005,Tataouine,تطاوين,0,0.0
2005,Medenine,مدنين,0,0.0
2005,Kebili,قبلي,0,0.0
2006,Tunis,تونس,8,1.085
2006,Ariana,أريانة,13,5.075
2006,Ben Arous,بن عروس,1,1.0
2006,Manouba,منوبة,0,0.0
2006,Nabeul,نابل,11,3.695
2006,Zaghouan,زغوان,5,4.7
2006,Bizerte,بنزرات,7,20.31
2006,Beja,باجة,3,5.5
2006,Jendouba,جندوبة,2,3.5
2006,Kef,الكاف,2,0.23
2006,Siliana,سليانة,27,15.3904
2006,Kasserine,القصرين,4,1.4525
2006,Sidi Bouzid,سيدي بوزيد,0,0.0
2006,Kairouan,القيروان,1,6.0
2006,Gafsa,قفصة,0,0.0
2006,Sousse,سوسة,0,0.0
2006,Sfax,صفاقس,0,0.0
2006,Mahdia,المهدية,1,20.0
2006,Monastir,المنستير,0,0.0
2006,Gabes,قابس,0,0.0
2006,Tozeur,توزر,0,0.0
2006,Tataouine,تطاوين,0,0.0
2006,Medenine,مدنين,3,3.0
2006,Kebili,قبلي,0,0.0
2007,Tunis,تونس,0,0.0
2007,Ariana,أريانة,12,54.7085
2007,Ben Arous,بن عروس,7,4.77
2007,Manouba,منوبة,5,17.2
2007,Nabeul,نابل,25,8.089
2007,Zaghouan,زغوان,9,86.46
2007,Bizerte,بنزرات,2,7.0
2007,Beja,باجة,9,117.0
2007,Jendouba,جندوبة,36,135.13
2007,Kef,الكاف,2,19.62
2007,Siliana,سليانة,13,4.096
2007,Kasserine,القصرين,8,0.2445
2007,Sidi Bouzid,سيدي بوزيد,1,3.0
2007,Kairouan,القيروان,0,0.0
2007,Gafsa,قفصة,0,0.0
2007,Sousse,سوسة,0,0.0
2007,Sfax,صفاقس,0,0.0
2007,Mahdia,المهدية,0,0.0
2007,Monastir,المنستير,0,0.0
2007,Gabes,قابس,0,0.0
2007,Tozeur,توزر,0,0.0
2007,Tataouine,تطاوين,0,0.0
2007,Medenine,مدنين,0,0.0
2007,Kebili,قبلي,0,0.0
2008,Tunis,تونس,1,0.35
2008,Ariana,أريانة,3,0.108
2008,Ben Arous,بن عروس,10,3.78
2008,Manouba,منوبة,2,4.0
2008,Nabeul,نابل,19,19.446
2008,Zaghouan,زغوان,8,114.25
2008,Bizerte,بنزرات,3,29.5
2008,Beja,باجة,9,112.03
2008,Jendouba,جندوبة,11,26.555
2008,Kef,الكاف,8,93.27
2008,Siliana,سليانة,23,17.03
2008,Kasserine,القصرين,13,9.853
2008,Sidi Bouzid,سيدي بوزيد,1,0.14
2008,Kairouan,القيروان,4,11.03
2008,Gafsa,قفصة,0,0.0
2008,Sousse,سوسة,1,0.5
2008,Sfax,صفاقس,0,0.0
2008,Mahdia,المهدية,0,0.0
2008,Monastir,المنستير,0,0.0
2008,Gabes,قابس,0,0.0
2008,Tozeur,توزر,0,0.0
2008,Tataouine,تطاوين,0,0.0
2008,Medenine,مدنين,0,0.0
2008,Kebili,قبلي,0,0.0
2009,Tunis,تونس,1,1.5
2009,Ariana,أريانة,10,2.69
2009,Ben Arous,بن عروس,0,0.0
2009,Manouba,منوبة,4,0.26
2009,Nabeul,نابل,17,2.8
2009,Zaghouan,زغوان,6,2.56
2009,Bizerte,بنزرات,10,5.75
2009,Beja,باجة,8,11.04
2009,Jendouba,جندوبة,8,1.51
2009,Kef,الكاف,7,3.1
2009,Siliana,سليانة,7,4.69
2009,Kasserine,القصرين,11,20.48
2009,Sidi Bouzid,سيدي بوزيد,1,1.5
2009,Kairouan,القيروان,2,4.03
2009,Gafsa,قفصة,0,0.0
2009,Sousse,سوسة,2,0.35
2009,Sfax,صفاقس,0,0.0
2009,Mahdia,المهدية,1,0.02
2009,Monastir,المنستير,0,0.0
2009,Gabes,قابس,1,0.0075
2009,Tozeur,توزر,0,0.0
2009,Tataouine,تطاوين,0,0.0
2009,Medenine,مدنين,0,0.0
2009,Kebili,قبلي,0,0.0
2010,Tunis,تونس,1,3.7
2010,Ariana,أريانة,10,3.415
2010,Ben Arous,بن عروس,3,1.6245
2010,Manouba,منوبة,9,9.86
2010,Nabeul,نابل,7,3.912
2010,Zaghouan,زغوان,10,178.235
2010,Bizerte,بنزرات,2,2.14
2010,Beja,باجة,19,320.76
2010,Jendouba,جندوبة,22,15.4205
2010,Kef,الكاف,2,2.6
2010,Siliana,سليانة,35,171.1027
2010,Kasserine,القصرين,4,0.584
2010,Sidi Bouzid,سيدي بوزيد,2,0.006
2010,Kairouan,القيروان,1,0.5
2010,Gafsa,قفصة,1,0.22
2010,Sousse,سوسة,3,0.11
2010,Sfax,صفاقس,0,0.0
2010,Mahdia,المهدية,1,0.012
2010,Monastir,المنستير,0,0.0
2010,Gabes,قابس,0,0.0
2010,Tozeur,توزر,0,0.0
2010,Tataouine,تطاوين,0,0.0
2010,Medenine,مدنين,0,0.0
2010,Kebili,قبلي,0,0.0
2011,Tunis,تونس,1,0.02
2011,Ariana,أريانة,10,4.428
2011,Ben Arous,بن عروس,3,2.1
2011,Manouba,منوبة,3,7.6
2011,Nabeul,نابل,28,489.9936
2011,Zaghouan,زغوان,8,6.135
2011,Bizerte,بنزرات,13,494.304
2011,Beja,باجة,7,116.75
2011,Jendouba,جندوبة,43,100.7802
2011,Kef,الكاف,27,365.7435
2011,Siliana,سليانة,24,77.423
2011,Kasserine,القصرين,0,0.0
2011,Sidi Bouzid,سيدي بوزيد,0,0.0
2011,Kairouan,القيروان,6,22.0
2011,Gafsa,قفصة,1,2.0
2011,Sousse,سوسة,0,0.0
2011,Sfax,صفاقس,0,0.0
2011,Mahdia,المهدية,1,0.6
2011,Monastir,المنستير,0,0.0
2011,Gabes,قابس,0,0.0
2011,Tozeur,توزر,0,0.0
2011,Tataouine,تطاوين,0,0.0
2011,Medenine,مدنين,0,0.0
2011,Kebili,قبلي,0,0.0
2012,Tunis,تونس,0,0.0
2012,Ariana,أريانة,17,22.51
2012,Ben Arous,بن عروس,12,19.4
2012,Manouba,منوبة,5,14.55
2012,Nabeul,نابل,28,72.675
2012,Zaghouan,زغوان,26,92.45
2012,Bizerte,بنزرات,11,10.0
2012,Beja,باجة,20,161.7
2012,Jendouba,جندوبة,76,316.26
2012,Kef,الكاف,19,487.79
2012,Siliana,سليانة,36,831.03
2012,Kasserine,القصرين,35,24.32
2012,Sidi Bouzid,سيدي بوزيد,4,4.79
2012,Kairouan,القيروان,13,28.63
2012,Gafsa,قفصة,5,1.725
2012,Sousse,سوسة,1,2.0
2012,Sfax,صفاقس,1,2.0
2012,Mahdia,المهدية,0,0.0
2012,Monastir,المنستير,0,0.0
2012,Gabes,قابس,2,1.245
2012,Tozeur,توزر,0,0.0
2012,Tataouine,تطاوين,0,0.0
2012,Medenine,مدنين,0,0.0
2012,Kebili,قبلي,0,0.0
2013,Tunis,تونس,1,0.15
2013,Ariana,أريانة,21,67.658
2013,Ben Arous,بن عروس,0,0.0
2013,Manouba,منوبة,3,38.0
2013,Nabeul,نابل,16,111.329
2013,Zaghouan,زغوان,42,1036.0826
2013,Bizerte,بنزرات,34,734.525
2013,Beja,باجة,34,245.06
2013,Jendouba,جندوبة,28,47.2855
2013,Kef,الكاف,22,1257.52
2013,Siliana,سليانة,20,345.975
2013,Kasserine,القصرين,3,220.4289
2013,Sidi Bouzid,سيدي بوزيد,3,21.24
2013,Kairouan,القيروان,22,20.8275
2013,Gafsa,قفصة,1,0.025
2013,Sousse,سوسة,3,0.5375
2013,Sfax,صفاقس,0,0.0
2013,Mahdia,المهدية,0,0.0
2013,Monastir,المنستير,1,0.004
2013,Gabes,قابس,1,0.036
2013,Tozeur,توزر,0,0.0
2013,Tataouine,تطاوين,0,0.0
2013,Medenine,مدنين,0,0.0
2013,Kebili,قبلي,0,0.0
2014,Tunis,تونس,3,0.25
2014,Ariana,أريانة,28,94.705
2014,Ben Arous,بن عروس,54,141.346
2014,Manouba,منوبة,7,126.05
2014,Nabeul,نابل,41,150.411
2014,Zaghouan,زغوان,55,753.6465
2014,Bizerte,بنزرات,49,1198.7231
2014,Beja,باجة,72,439.695
2014,Jendouba,جندوبة,111,97.2645
2014,Kef,الكاف,32,1645.34
2014,Siliana,سليانة,48,1399.591
2014,Kasserine,القصرين,13,5.033
2014,Sidi Bouzid,سيدي بوزيد,1,25.0
2014,Kairouan,القيروان,21,17.897
2014,Gafsa,قفصة,4,1.5685
2014,Sousse,سوسة,12,18.486
2014,Sfax,صفاقس,0,0.0
2014,Mahdia,المهدية,3,0.87
2014,Monastir,المنستير,0,0.0
2014,Gabes,قابس,1,0.25
2014,Tozeur,توزر,0,0.0
2014,Tataouine,تطاوين,0,0.0
2014,Medenine,مدنين,0,0.0
2014,Kebili,قبلي,0,0.0
2015,Tunis,تونس,3,0.12
2015,Ariana,أريانة,10,4.608
2015,Ben Arous,بن عروس,0,0.0
2015,Manouba,منوبة,1,7.0
2015,Nabeul,نابل,24,13.1085
2015,Zaghouan,زغوان,24,18.045
2015,Bizerte,بنزرات,31,89.648
2015,Beja,باجة,28,50.046
2015,Jendouba,جندوبة,51,317.7105
2015,Kef,الكاف,47,132.222
2015,Siliana,سليانة,42,87.87
2015,Kasserine,القصرين,13,22.0825
2015,Sidi Bouzid,سيدي بوزيد,9,17.1106
2015,Kairouan,القيروان,22,34.714
2015,Gafsa,قفصة,8,4.0525
2015,Sousse,سوسة,2,0.055
2015,Sfax,صفاقس,1,2.0
2015,Mahdia,المهدية,0,0.0
2015,Monastir,المنستير,0,0.0
2015,Gabes,قابس,2,1.0
2015,Tozeur,توزر,0,0.0
2015,Tataouine,تطاوين,0,0.0
2015,Medenine,مدنين,0,0.0
2015,Kebili,قبلي,1,0.5
2016,Tunis,تونس,0,0.0
2016,Ariana,أريانة,15,36.58
2016,Ben Arous,بن عروس,7,37.25
2016,Manouba,منوبة,3,6.75
2016,Nabeul,نابل,8,7.33
2016,Zaghouan,زغوان,31,47.397
2016,Bizerte,بنزرات,43,44.79
2016,Beja,باجة,44,76.58
2016,Jendouba,جندوبة,139,125.292
2016,Kef,الكاف,20,792.305
2016,Siliana,سليانة,45,638.8836
2016,Kasserine,القصرين,17,8.688
2016,Sidi Bouzid,سيدي بوزيد,0,0.0
2016,Kairouan,القيروان,27,58.28
2016,Gafsa,قفصة,0,0.0
2016,Sousse,سوسة,0,0.0
2016,Sfax,صفاقس,0,0.0
2016,Mahdia,المهدية,0,0.0
2016,Monastir,المنستير,0,0.0
2016,Gabes,قابس,0,0.0
2016,Tozeur,توزر,0,0.0
2016,Tataouine,تطاوين,0,0.0
2016,Medenine,مدنين,0,0.0
2016,Kebili,قبلي,0,0.0
2017,Tunis,تونس,2,0.75
2017,Ariana,أريانة,10,4.25
2017,Ben Arous,بن عروس,7,2.77
2017,Manouba,منوبة,2,2.005
2017,Nabeul,نابل,17,6.884
2017,Zaghouan,زغوان,18,546.597
2017,Bizerte,بنزرات,70,4394.661
2017,Beja,باجة,41,516.769
2017,Jendouba,جندوبة,97,1857.579
2017,Kef,الكاف,26,157.43
2017,Siliana,سليانة,45,2526.789
2017,Kasserine,القصرين,16,1017.521
2017,Sidi Bouzid,سيدي بوزيد,0,0.0
2017,Kairouan,القيروان,50,230.258
2017,Gafsa,قفصة,0,0.0
2017,Sousse,سوسة,0,0.0
2017,Sfax,صفاقس,0,0.0
2017,Mahdia,المهدية,0,0.0
2017,Monastir,المنستير,0,0.0
2017,Gabes,قابس,0,0.0
2017,Tozeur,توزر,0,0.0
2017,Tataouine,تطاوين,0,0.0
2017,Medenine,مدنين,0,0.0
2017,Kebili,قبلي,0,0.0
2018,Tunis,تونس,2,0.8
2018,Ariana,أريانة,9,35.875
2018,Ben Arous,بن عروس,4,5.5
2018,Manouba,منوبة,0,0.0
2018,Nabeul,نابل,11,35.186
2018,Zaghouan,زغوان,14,17.049
2018,Bizerte,بنزرات,19,6.619
2018,Beja,باجة,55,76.149
2018,Jendouba,جندوبة,10,29.139
2018,Kef,الكاف,4,155.05
2018,Siliana,سليانة,25,710.205
2018,Kasserine,القصرين,11,1.995
2018,Sidi Bouzid,سيدي بوزيد,0,0.0
2018,Kairouan,القيروان,2,8.0
2018,Gafsa,قفصة,0,0.0
2018,Sousse,سوسة,0,0.0
2018,Sfax,صفاقس,0,0.0
2018,Mahdia,المهدية,0,0.0
2018,Monastir,المنستير,0,0.0
2018,Gabes,قابس,0,0.0
2018,Tozeur,توزر,0,0.0
2018,Tataouine,تطاوين,0,0.0
2018,Medenine,مدنين,0,0.0
2018,Kebili,قبلي,0,0.0
2019,Tunis,تونس,0,0.0
2019,Ariana,أريانة,8,26.654
2019,Ben Arous,بن عروس,4,10.25
2019,Manouba,منوبة,1,10.0
2019,Nabeul,نابل,13,191.042
2019,Zaghouan,زغوان,11,5.207
2019,Bizerte,بنزرات,14,1.556
2019,Beja,باجة,18,204.91
2019,Jendouba,جندوبة,23,74.737
2019,Kef,الكاف,7,8.07
2019,Siliana,سليانة,9,12.58
2019,Kasserine,القصرين,13,1179.536
2019,Sidi Bouzid,سيدي بوزيد,0,0.0
2019,Kairouan,القيروان,12,54.56
2019,Gafsa,قفصة,0,0.0
2019,Sousse,سوسة,0,0.0
2019,Sfax,صفاقس,0,0.0
2019,Mahdia,المهدية,0,0.0
2019,Monastir,المنستير,0,0.0
2019,Gabes,قابس,0,0.0
2019,Tozeur,توزر,0,0.0
2019,Tataouine,تطاوين,0,0.0
2019,Medenine,مدنين,0,0.0
2019,Kebili,قبلي,0,0.0
2020,Tunis,تونس,3,0.3
2020,Ariana,أريانة,8,17.0
2020,Ben Arous,بن عروس,4,4.1
2020,Manouba,منوبة,9,40.26
2020,Nabeul,نابل,17,68.71
2020,Zaghouan,زغوان,17,35.4
2020,Bizerte,بنزرات,74,526.191
2020,Beja,باجة,97,1084.49
2020,Jendouba,جندوبة,148,342.481
2020,Kef,الكاف,6,17.07
2020,Siliana,سليانة,32,64.035
2020,Kasserine,القصرين,25,22.026
2020,Sidi Bouzid,سيدي بوزيد,0,0.0
2020,Kairouan,القيروان,17,53.712
2020,Gafsa,قفصة,0,0.0
2020,Sousse,سوسة,0,0.0
2020,Sfax,صفاقس,0,0.0
2020,Mahdia,المهدية,0,0.0
2020,Monastir,المنستير,0,0.0
2020,Gabes,قابس,0,0.0
2020,Tozeur,توزر,0,0.0
2020,Tataouine,تطاوين,0,0.0
2020,Medenine,مدنين,0,0.0
2020,Kebili,قبلي,0,0.0
2021,Tunis,تونس,2,0.32
2021,Ariana,أريانة,8,40.45
2021,Ben Arous,بن عروس,5,11.0
2021,Manouba,منوبة,16,49.79
2021,Nabeul,نابل,34,464.387
2021,Zaghouan,زغوان,26,1426.89
2021,Bizerte,بنزرات,87,408.24
2021,Beja,باجة,37,189.468
2021,Jendouba,جندوبة,144,4057.919
2021,Kef,الكاف,11,3142.32
2021,Siliana,سليانة,33,61.18
2021,Kasserine,القصرين,27,14122.48
2021,Sidi Bouzid,سيدي بوزيد,0,0.0
2021,Kairouan,القيروان,27,1833.18
2021,Gafsa,قفصة,0,0.0
2021,Sousse,سوسة,0,0.0
2021,Sfax,صفاقس,0,0.0
2021,Mahdia,المهدية,0,0.0
2021,Monastir,المنستير,0,0.0
2021,Gabes,قابس,0,0.0
2021,Tozeur,توزر,0,0.0
2021,Tataouine,تطاوين,0,0.0
2021,Medenine,مدنين,0,0.0
2021,Kebili,قبلي,0,0.0
2022,Tunis,تونس,1,0.007
2022,Ariana,أريانة,10,846.9
2022,Ben Arous,بن عروس,11,885.5
2022,Manouba,منوبة,9,14.0235
2022,Nabeul,نابل,63,243.168
2022,Zaghouan,زغوان,25,675.055
2022,Bizerte,بنزرات,86,880.623
2022,Beja,باجة,111,2166.735
2022,Jendouba,جندوبة,180,1139.2298
2022,Kef,الكاف,6,86.952
2022,Siliana,سليانة,18,1250.515
2022,Kasserine,القصرين,10,2.5005
2022,Sidi Bouzid,سيدي بوزيد,0,0.0
2022,Kairouan,القيروان,19,382.774
2022,Gafsa,قفصة,0,0.0
2022,Sousse,سوسة,0,0.0
2022,Sfax,صفاقس,0,0.0
2022,Mahdia,المهدية,0,0.0
2022,Monastir,المنستير,0,0.0
2022,Gabes,قابس,0,0.0
2022,Tozeur,توزر,0,0.0
2022,Tataouine,تطاوين,0,0.0
2022,Medenine,مدنين,0,0.0
2022,Kebili,قبلي,0,0.0
2023,Tunis,تونس,0,0.0
2023,Ariana,أريانة,4,18.5
2023,Ben Arous,بن عروس,0,0.0
2023,Manouba,منوبة,3,0.5
2023,Nabeul,نابل,40,114.65
2023,Zaghouan,زغوان,14,12.91
2023,Bizerte,بنزرات,49,539.72
2023,Beja,باجة,47,624.43
2023,Jendouba,جندوبة,100,1484.68
2023,Kef,الكاف,10,2.4
2023,Siliana,سليانة,38,1242.03
2023,Kasserine,القصرين,5,9.17
2023,Sidi Bouzid,سيدي بوزيد,0,0.0
2023,Kairouan,القيروان,22,475.12
2023,Gafsa,قفصة,0,0.0
2023,Sousse,سوسة,0,0.0
2023,Sfax,صفاقس,0,0.0
2023,Mahdia,المهدية,0,0.0
2023,Monastir,المنستير,0,0.0
2023,Gabes,قابس,0,0.0
2023,Tozeur,توزر,0,0.0
2023,Tataouine,تطاوين,0,0.0
2023,Medenine,مدنين,0,0.0
2023,Kebili,قبلي,0,0.0
2024,Tunis,تونس,0,0.0
2024,Ariana,أريانة,11,11.55
2024,Ben Arous,بن عروس,4,1.42
2024,Manouba,منوبة,2,1.5
2024,Nabeul,نابل,39,30.0
2024,Zaghouan,زغوان,3,280.0
2024,Bizerte,بنزرات,61,322.0
2024,Beja,باجة,30,142.0
2024,Jendouba,جندوبة,69,59.0
2024,Kef,الكاف,1,3.0
2024,Siliana,سليانة,30,11.0
2024,Kasserine,القصرين,19,7.0
2024,Sidi Bouzid,سيدي بوزيد,2,0.11
2024,Kairouan,القيروان,15,17.0
2024,Gafsa,قفصة,1,0.01
2024,Sousse,سوسة,0,0.0
2024,Sfax,صفاقس,0,0.0
2024,Mahdia,المهدية,0,0.0
2024,Monastir,المنستير,1,1.5
2024,Gabes,قابس,0,0.0
2024,Tozeur,توزر,0,0.0
2024,Tataouine,تطاوين,0,0.0
2024,Medenine,مدنين,0,0.0
2024,Kebili,قبلي,0,0.0
2025,Tunis,تونس,2,0.0
2025,Ariana,أريانة,21,8.12
2025,Ben Arous,بن عروس,15,2.15
2025,Manouba,منوبة,67,53.58
2025,Nabeul,نابل,43,30.61
2025,Zaghouan,زغوان,74,824.75
2025,Bizerte,بنزرات,103,514.66
2025,Beja,باجة,159,946.12
2025,Jendouba,جندوبة,199,317.54
2025,Kef,الكاف,162,77.21
2025,Siliana,سليانة,46,1446.21
2025,Kasserine,القصرين,87,236.45
2025,Sidi Bouzid,سيدي بوزيد,8,2.75
2025,Kairouan,القيروان,29,36.17
2025,Gafsa,قفصة,4,0.0
2025,Sousse,سوسة,66,12.32
2025,Sfax,صفاقس,2,0.05
2025,Mahdia,المهدية,1,0.0
2025,Monastir,المنستير,6,0.32
2025,Gabes,قابس,2,0.0
2025,Tozeur,توزر,0,0.0
2025,Tataouine,تطاوين,0,0.0
2025,Medenine,مدنين,0,0.0
2025,Kebili,قبلي,4,0.0
